ID de la lista de reproducción,ID del canal,Fecha y hora de la creación,Fecha y hora de la actualización,Descripción,Visibilidad
UUjFXU3qsYd5iQ5hD5E2aNvw,UCjFXU3qsYd5iQ5hD5E2aNvw,,2023-07-01 05:15:43 Z,,





ID de video,Fecha y hora de la incorporación
vDSoWbVIt4o,2023-07-01 05:15:43 Z
Cnf8735ksq4,2023-06-27 23:38:32 Z
KTitx6nLlUM,2023-06-20 03:29:21 Z
MtO6pBqtuLs,2023-02-20 06:07:09 Z
zfjfNnerBaw,2023-01-13 14:51:37 Z
F3XAczmQ_w0,2023-01-13 14:44:15 Z
1mTf2S2XDRk,2023-01-09 12:27:13 Z
ov3frxmeapY,2023-01-09 12:18:54 Z
_vzTi_BuvuI,2023-01-09 12:16:49 Z
 -MVZXwoQtuY,2022-12-22 13:06:10 Z
MC3OG0bQlXA,2022-12-10 04:31:31 Z
eU5VzUFxdB4,2022-08-26 04:48:18 Z
C5DUTORrgxY,2022-08-26 04:41:36 Z





